name,roi,base,x,y,z
1@MIST_444,1,MIST_444,17.89,26.79,47.06
2@MIST_444,2,MIST_444,-0.73,22.12,-17.1
3@MIST_444,3,MIST_444,-40.71,37.84,6.38
4@MIST_444,4,MIST_444,-0.36,15.49,-10.04
5@MIST_444,5,MIST_444,-1.39,-56.86,-60.96
6@MIST_444,6,MIST_444,-30.03,-64.79,31.06
7@MIST_444,7,MIST_444,-34.95,-78.37,-6.95
8@MIST_444,8,MIST_444,-30.76,-90.03,6.82
9@MIST_444,9,MIST_444,-53.53,8.03,-26.42
10@MIST_444,10,MIST_444,-0.3,-54.03,60.1
11@MIST_444,11,MIST_444,18.37,-76.23,-49.73
12@MIST_444,12,MIST_444,1.73,-86.69,-6.59
13@MIST_444,13,MIST_444,-30.22,-44.54,-15.62
14@MIST_444,14,MIST_444,-51.5,-58.97,-19.09
15@MIST_444,15,MIST_444,44.54,13.44,-7.51
16@MIST_444,16,MIST_444,59.74,-4.71,17.76
17@MIST_444,17,MIST_444,-1.44,-48.19,5.06
18@MIST_444,18,MIST_444,-36.51,-63.92,-35.05
19@MIST_444,19,MIST_444,53.26,-42.17,4.0
20@MIST_444,20,MIST_444,47.32,4.13,31.73
21@MIST_444,21,MIST_444,-28.86,-95.23,-0.79
22@MIST_444,22,MIST_444,-53.01,23.89,10.34
23@MIST_444,23,MIST_444,40.73,-45.77,46.13
24@MIST_444,24,MIST_444,-0.65,-2.16,-18.6
25@MIST_444,25,MIST_444,2.03,-40.43,-8.33
26@MIST_444,26,MIST_444,0.58,48.89,45.18
27@MIST_444,27,MIST_444,-0.22,-52.83,-2.0
28@MIST_444,28,MIST_444,43.9,7.35,23.01
29@MIST_444,29,MIST_444,-17.94,11.86,15.9
30@MIST_444,30,MIST_444,-42.91,4.54,50.37
31@MIST_444,31,MIST_444,-61.72,-41.91,19.12
32@MIST_444,32,MIST_444,13.39,-79.98,-29.25
33@MIST_444,33,MIST_444,-17.06,-71.9,-5.88
34@MIST_444,34,MIST_444,40.81,-77.56,33.81
35@MIST_444,35,MIST_444,-39.44,-2.22,45.36
36@MIST_444,36,MIST_444,-38.97,12.0,-8.11
37@MIST_444,37,MIST_444,-6.86,47.69,-0.48
38@MIST_444,38,MIST_444,-26.22,-56.04,-52.02
39@MIST_444,39,MIST_444,32.09,2.12,-45.41
40@MIST_444,40,MIST_444,-31.91,18.84,-16.28
41@MIST_444,41,MIST_444,-0.44,33.54,-22.01
42@MIST_444,42,MIST_444,25.45,-66.12,-6.12
43@MIST_444,43,MIST_444,-46.81,-4.41,-1.25
44@MIST_444,44,MIST_444,-54.49,-50.59,43.28
45@MIST_444,45,MIST_444,4.24,0.12,-26.72
46@MIST_444,46,MIST_444,-40.12,-54.39,-52.64
47@MIST_444,47,MIST_444,-26.03,-45.81,60.91
48@MIST_444,48,MIST_444,-52.24,-62.52,4.24
49@MIST_444,49,MIST_444,-46.9,-63.8,46.66
50@MIST_444,50,MIST_444,0.39,-36.13,-28.14
51@MIST_444,51,MIST_444,41.64,-14.55,-0.92
52@MIST_444,52,MIST_444,-40.53,-39.75,46.27
53@MIST_444,53,MIST_444,33.16,-3.41,46.91
54@MIST_444,54,MIST_444,-0.86,-36.29,-42.57
55@MIST_444,55,MIST_444,0.74,-71.85,-2.85
56@MIST_444,56,MIST_444,54.02,-51.6,-19.14
57@MIST_444,57,MIST_444,-41.25,-5.91,11.23
58@MIST_444,58,MIST_444,44.7,23.41,35.5
59@MIST_444,59,MIST_444,8.32,49.19,-6.49
60@MIST_444,60,MIST_444,35.26,12.67,-40.24
61@MIST_444,61,MIST_444,-47.12,-56.16,-42.33
62@MIST_444,62,MIST_444,-55.77,-4.29,-27.74
63@MIST_444,63,MIST_444,0.47,-73.67,51.04
64@MIST_444,64,MIST_444,28.16,51.16,-8.41
65@MIST_444,65,MIST_444,-28.21,48.7,32.57
66@MIST_444,66,MIST_444,53.29,29.02,4.33
67@MIST_444,67,MIST_444,1.25,2.21,54.54
68@MIST_444,68,MIST_444,-25.26,-4.13,53.64
69@MIST_444,69,MIST_444,-37.89,-49.89,44.54
70@MIST_444,70,MIST_444,-53.66,10.54,8.45
71@MIST_444,71,MIST_444,0.06,36.61,21.94
72@MIST_444,72,MIST_444,-53.39,-11.47,-16.01
73@MIST_444,73,MIST_444,29.01,-64.3,35.09
74@MIST_444,74,MIST_444,-23.17,59.55,-8.18
75@MIST_444,75,MIST_444,-27.13,8.62,52.55
76@MIST_444,76,MIST_444,58.35,-21.38,0.1
77@MIST_444,77,MIST_444,-33.82,-69.56,42.85
78@MIST_444,78,MIST_444,-45.03,24.43,33.74
79@MIST_444,79,MIST_444,-0.99,6.9,-16.2
80@MIST_444,80,MIST_444,19.53,-40.0,66.85
81@MIST_444,81,MIST_444,28.91,-96.85,3.69
82@MIST_444,82,MIST_444,-10.5,-80.63,-27.87
83@MIST_444,83,MIST_444,-58.01,-44.07,32.96
84@MIST_444,84,MIST_444,31.4,-61.95,-29.61
85@MIST_444,85,MIST_444,-27.4,-53.01,-6.85
86@MIST_444,86,MIST_444,43.87,-21.83,63.26
87@MIST_444,87,MIST_444,-55.75,-23.29,-24.75
88@MIST_444,88,MIST_444,-1.69,-23.21,12.16
89@MIST_444,89,MIST_444,4.6,-9.52,52.69
90@MIST_444,90,MIST_444,35.0,19.15,-12.08
91@MIST_444,91,MIST_444,0.57,-25.7,73.98
92@MIST_444,92,MIST_444,32.7,-74.41,45.19
93@MIST_444,93,MIST_444,-41.48,26.73,-10.37
94@MIST_444,94,MIST_444,-4.75,9.09,-6.68
95@MIST_444,95,MIST_444,-42.97,16.89,48.6
96@MIST_444,96,MIST_444,50.93,9.3,-31.38
97@MIST_444,97,MIST_444,24.11,-76.88,-40.44
98@MIST_444,98,MIST_444,-48.13,-55.35,-30.29
99@MIST_444,99,MIST_444,-53.72,-40.78,51.28
100@MIST_444,100,MIST_444,-7.1,37.17,6.08
101@MIST_444,101,MIST_444,-1.5,-41.61,-32.41
102@MIST_444,102,MIST_444,-0.74,-55.43,18.04
103@MIST_444,103,MIST_444,-16.04,-96.35,14.02
104@MIST_444,104,MIST_444,-18.19,-64.81,-49.78
105@MIST_444,105,MIST_444,37.94,-7.74,-36.5
106@MIST_444,106,MIST_444,51.46,-9.69,-18.71
107@MIST_444,107,MIST_444,-0.44,-8.7,20.67
108@MIST_444,108,MIST_444,-0.65,-26.93,61.95
109@MIST_444,109,MIST_444,38.44,55.21,-8.11
110@MIST_444,110,MIST_444,9.62,-60.5,-26.24
111@MIST_444,111,MIST_444,-45.87,3.21,33.15
112@MIST_444,112,MIST_444,-64.55,-16.64,-18.69
113@MIST_444,113,MIST_444,-19.74,36.29,51.44
114@MIST_444,114,MIST_444,-11.89,-62.93,-4.17
115@MIST_444,115,MIST_444,-8.39,64.85,11.93
116@MIST_444,116,MIST_444,-38.85,-22.67,14.27
117@MIST_444,117,MIST_444,-20.86,-91.11,24.29
118@MIST_444,118,MIST_444,0.55,-44.47,23.05
119@MIST_444,119,MIST_444,-49.24,6.24,-40.58
120@MIST_444,120,MIST_444,42.57,38.98,25.2
121@MIST_444,121,MIST_444,51.54,-23.28,50.37
122@MIST_444,122,MIST_444,0.99,1.93,40.92
123@MIST_444,123,MIST_444,37.43,-20.64,16.89
124@MIST_444,124,MIST_444,-40.78,-20.78,56.42
125@MIST_444,125,MIST_444,30.15,-79.92,28.89
126@MIST_444,126,MIST_444,48.07,-36.22,50.01
127@MIST_444,127,MIST_444,-31.3,-82.32,-25.41
128@MIST_444,128,MIST_444,41.15,-16.77,-28.35
129@MIST_444,129,MIST_444,-57.88,-14.91,5.31
130@MIST_444,130,MIST_444,-0.31,52.54,-22.33
131@MIST_444,131,MIST_444,2.43,-12.23,14.44
132@MIST_444,132,MIST_444,7.5,53.13,21.07
133@MIST_444,133,MIST_444,28.99,-37.0,57.91
134@MIST_444,134,MIST_444,28.47,-44.02,-50.44
135@MIST_444,135,MIST_444,-39.04,-0.65,16.0
136@MIST_444,136,MIST_444,38.61,-41.76,61.27
137@MIST_444,137,MIST_444,-12.17,-15.16,52.38
138@MIST_444,138,MIST_444,-18.17,47.62,28.3
139@MIST_444,139,MIST_444,40.08,18.62,26.35
140@MIST_444,140,MIST_444,14.62,-94.47,15.27
141@MIST_444,141,MIST_444,26.81,-5.14,8.54
142@MIST_444,142,MIST_444,19.82,3.26,55.48
143@MIST_444,143,MIST_444,-3.04,-25.83,29.27
144@MIST_444,144,MIST_444,-33.39,-7.32,28.29
145@MIST_444,145,MIST_444,50.04,-56.98,17.33
146@MIST_444,146,MIST_444,-52.06,-52.47,29.29
147@MIST_444,147,MIST_444,0.84,13.88,47.5
148@MIST_444,148,MIST_444,-1.15,-67.23,-17.89
149@MIST_444,149,MIST_444,-41.49,49.43,12.22
150@MIST_444,150,MIST_444,-37.59,-68.0,-45.03
151@MIST_444,151,MIST_444,-26.5,6.66,5.8
152@MIST_444,152,MIST_444,-1.15,-44.95,-12.71
153@MIST_444,153,MIST_444,-38.65,-63.51,-8.69
154@MIST_444,154,MIST_444,24.1,-58.75,-51.3
155@MIST_444,155,MIST_444,60.23,-44.18,33.42
156@MIST_444,156,MIST_444,43.16,3.0,41.81
157@MIST_444,157,MIST_444,-24.06,-76.69,-33.07
158@MIST_444,158,MIST_444,-51.44,38.99,0.1
159@MIST_444,159,MIST_444,2.28,-55.39,45.8
160@MIST_444,160,MIST_444,-24.3,21.22,48.58
161@MIST_444,161,MIST_444,-0.75,-16.4,0.51
162@MIST_444,162,MIST_444,-46.32,17.55,24.92
163@MIST_444,163,MIST_444,-31.3,-44.99,-51.5
164@MIST_444,164,MIST_444,-24.44,-55.2,52.39
165@MIST_444,165,MIST_444,32.08,-83.0,-34.1
166@MIST_444,166,MIST_444,59.78,-16.31,6.72
167@MIST_444,167,MIST_444,22.96,-70.48,-31.78
168@MIST_444,168,MIST_444,2.94,-39.43,-6.14
169@MIST_444,169,MIST_444,-0.9,37.74,41.4
170@MIST_444,170,MIST_444,56.66,-3.66,-3.11
171@MIST_444,171,MIST_444,-58.55,-52.52,-12.24
172@MIST_444,172,MIST_444,41.9,-6.46,9.52
173@MIST_444,173,MIST_444,0.31,25.04,23.01
174@MIST_444,174,MIST_444,-1.58,39.24,-13.32
175@MIST_444,175,MIST_444,-0.45,-86.06,19.9
176@MIST_444,176,MIST_444,25.8,31.72,38.16
177@MIST_444,177,MIST_444,11.6,-75.94,-8.57
178@MIST_444,178,MIST_444,-41.66,-56.27,44.34
179@MIST_444,179,MIST_444,0.09,17.41,35.34
180@MIST_444,180,MIST_444,-0.91,-57.5,17.57
181@MIST_444,181,MIST_444,-39.84,-78.12,-37.91
182@MIST_444,182,MIST_444,3.95,20.63,-1.68
183@MIST_444,183,MIST_444,17.63,-93.4,-15.21
184@MIST_444,184,MIST_444,-46.7,7.19,22.53
185@MIST_444,185,MIST_444,46.49,32.17,-12.23
186@MIST_444,186,MIST_444,-16.86,-63.61,-26.8
187@MIST_444,187,MIST_444,-9.05,-44.36,36.37
188@MIST_444,188,MIST_444,-2.2,-32.0,-14.72
189@MIST_444,189,MIST_444,20.62,-26.15,61.28
190@MIST_444,190,MIST_444,63.64,-20.66,-15.69
191@MIST_444,191,MIST_444,-17.98,-42.45,72.59
192@MIST_444,192,MIST_444,27.1,8.56,55.17
193@MIST_444,193,MIST_444,0.96,-54.04,55.39
194@MIST_444,194,MIST_444,24.24,-75.42,-11.42
195@MIST_444,195,MIST_444,60.49,-9.29,36.02
196@MIST_444,196,MIST_444,-2.12,-43.47,12.29
197@MIST_444,197,MIST_444,-16.73,37.28,-18.99
198@MIST_444,198,MIST_444,-3.72,10.92,-17.69
199@MIST_444,199,MIST_444,36.41,-55.66,43.16
200@MIST_444,200,MIST_444,38.5,-57.25,-53.59
201@MIST_444,201,MIST_444,-50.32,-10.25,35.82
202@MIST_444,202,MIST_444,3.12,-13.96,5.72
203@MIST_444,203,MIST_444,57.97,-49.15,18.07
204@MIST_444,204,MIST_444,-5.39,-0.83,-0.22
205@MIST_444,205,MIST_444,-7.79,52.43,12.39
206@MIST_444,206,MIST_444,23.91,-51.27,68.58
207@MIST_444,207,MIST_444,-1.07,-64.85,32.49
208@MIST_444,208,MIST_444,-38.65,6.35,3.58
209@MIST_444,209,MIST_444,46.21,-10.46,34.27
210@MIST_444,210,MIST_444,37.42,0.89,-7.41
211@MIST_444,211,MIST_444,-41.86,-77.52,34.25
212@MIST_444,212,MIST_444,-1.29,10.12,-8.22
213@MIST_444,213,MIST_444,25.01,-58.21,-59.8
214@MIST_444,214,MIST_444,-43.33,-20.39,63.63
215@MIST_444,215,MIST_444,-40.56,-12.7,-3.18
216@MIST_444,216,MIST_444,32.31,40.53,25.6
217@MIST_444,217,MIST_444,28.06,-40.81,-18.69
218@MIST_444,218,MIST_444,-1.01,-41.48,-24.77
219@MIST_444,219,MIST_444,58.68,-19.07,24.97
220@MIST_444,220,MIST_444,0.33,-6.53,-2.99
221@MIST_444,221,MIST_444,-1.97,-12.03,-21.73
222@MIST_444,222,MIST_444,58.38,-21.66,-26.4
223@MIST_444,223,MIST_444,-32.57,-1.02,-43.48
224@MIST_444,224,MIST_444,32.88,-54.78,-13.95
225@MIST_444,225,MIST_444,46.36,-61.03,28.07
226@MIST_444,226,MIST_444,-31.17,-65.31,-14.46
227@MIST_444,227,MIST_444,-0.1,-48.01,-37.03
228@MIST_444,228,MIST_444,-61.59,-36.76,35.9
229@MIST_444,229,MIST_444,8.83,41.47,13.82
230@MIST_444,230,MIST_444,8.17,13.34,57.72
231@MIST_444,231,MIST_444,-9.61,-92.8,-13.81
232@MIST_444,232,MIST_444,29.39,-89.24,9.81
233@MIST_444,233,MIST_444,18.75,56.72,20.84
234@MIST_444,234,MIST_444,-57.5,-45.79,7.21
235@MIST_444,235,MIST_444,-43.0,-85.63,7.11
236@MIST_444,236,MIST_444,29.54,16.79,-18.32
237@MIST_444,237,MIST_444,6.49,-48.41,69.32
238@MIST_444,238,MIST_444,-47.73,23.42,0.15
239@MIST_444,239,MIST_444,1.2,-27.84,50.38
240@MIST_444,240,MIST_444,-28.67,-77.97,-50.46
241@MIST_444,241,MIST_444,-0.85,-38.11,0.91
242@MIST_444,242,MIST_444,-59.77,-52.69,-1.84
243@MIST_444,243,MIST_444,18.96,47.25,-20.31
244@MIST_444,244,MIST_444,19.96,62.85,8.48
245@MIST_444,245,MIST_444,8.78,65.64,13.31
246@MIST_444,246,MIST_444,-36.72,-36.5,-23.19
247@MIST_444,247,MIST_444,8.46,27.35,35.35
248@MIST_444,248,MIST_444,-0.8,55.94,31.48
249@MIST_444,249,MIST_444,27.94,16.31,42.62
250@MIST_444,250,MIST_444,-1.93,45.74,28.2
251@MIST_444,251,MIST_444,0.48,-53.76,-15.56
252@MIST_444,252,MIST_444,-37.51,14.27,37.84
253@MIST_444,253,MIST_444,-4.27,-52.38,-47.3
254@MIST_444,254,MIST_444,-31.65,39.47,23.2
255@MIST_444,255,MIST_444,-49.98,-58.85,-7.26
256@MIST_444,256,MIST_444,-59.48,-5.12,-4.03
257@MIST_444,257,MIST_444,23.75,-64.8,-20.88
258@MIST_444,258,MIST_444,-0.58,64.12,-4.03
259@MIST_444,259,MIST_444,-26.12,-85.74,-36.96
260@MIST_444,260,MIST_444,-0.82,-31.95,40.82
261@MIST_444,261,MIST_444,-37.65,11.62,-24.02
262@MIST_444,262,MIST_444,20.33,-89.83,31.42
263@MIST_444,263,MIST_444,-59.49,-37.67,-1.55
264@MIST_444,264,MIST_444,41.09,47.79,10.63
265@MIST_444,265,MIST_444,3.91,-90.84,4.06
266@MIST_444,266,MIST_444,-60.14,-4.31,16.82
267@MIST_444,267,MIST_444,-25.48,-71.33,55.55
268@MIST_444,268,MIST_444,21.37,-52.59,59.43
269@MIST_444,269,MIST_444,41.11,-24.79,8.08
270@MIST_444,270,MIST_444,26.81,-53.28,49.3
271@MIST_444,271,MIST_444,-5.98,-53.89,67.66
272@MIST_444,272,MIST_444,45.41,-17.83,22.1
273@MIST_444,273,MIST_444,-23.81,-55.69,66.79
274@MIST_444,274,MIST_444,-49.36,-37.21,15.83
275@MIST_444,275,MIST_444,34.76,-44.96,-33.96
276@MIST_444,276,MIST_444,-33.24,-87.73,19.12
277@MIST_444,277,MIST_444,-42.55,-28.77,43.26
278@MIST_444,278,MIST_444,45.61,-35.94,13.45
279@MIST_444,279,MIST_444,10.83,-65.07,-52.57
280@MIST_444,280,MIST_444,-60.47,-27.64,34.42
281@MIST_444,281,MIST_444,58.91,-23.59,36.8
282@MIST_444,282,MIST_444,42.64,10.42,45.96
283@MIST_444,283,MIST_444,20.94,-64.9,61.82
284@MIST_444,284,MIST_444,-57.13,-0.06,7.58
285@MIST_444,285,MIST_444,57.2,-27.71,12.19
286@MIST_444,286,MIST_444,47.31,-0.09,-38.94
287@MIST_444,287,MIST_444,-40.22,-15.73,44.78
288@MIST_444,288,MIST_444,-2.84,-53.41,-54.49
289@MIST_444,289,MIST_444,55.4,-54.75,1.74
290@MIST_444,290,MIST_444,8.63,-15.19,-15.25
291@MIST_444,291,MIST_444,-10.96,-65.0,50.48
292@MIST_444,292,MIST_444,-0.36,-75.94,-33.25
293@MIST_444,293,MIST_444,21.83,-83.6,-17.61
294@MIST_444,294,MIST_444,-32.52,-75.04,-21.88
295@MIST_444,295,MIST_444,-30.51,-78.6,34.32
296@MIST_444,296,MIST_444,60.27,-31.88,26.84
297@MIST_444,297,MIST_444,39.22,-71.91,-5.19
298@MIST_444,298,MIST_444,-14.91,-94.17,-1.84
299@MIST_444,299,MIST_444,14.75,-10.35,12.72
300@MIST_444,300,MIST_444,-44.59,-81.01,-8.32
301@MIST_444,301,MIST_444,55.98,-40.63,46.7
302@MIST_444,302,MIST_444,31.57,53.4,25.6
303@MIST_444,303,MIST_444,-1.59,-49.48,-23.66
304@MIST_444,304,MIST_444,-3.39,-62.66,5.7
305@MIST_444,305,MIST_444,40.17,-62.23,-36.99
306@MIST_444,306,MIST_444,-34.02,-65.74,-25.28
307@MIST_444,307,MIST_444,44.01,40.5,1.47
308@MIST_444,308,MIST_444,47.15,-57.21,47.19
309@MIST_444,309,MIST_444,-59.18,-26.7,15.21
310@MIST_444,310,MIST_444,-23.67,-29.82,59.33
311@MIST_444,311,MIST_444,-1.66,-9.56,33.14
312@MIST_444,312,MIST_444,-24.94,31.45,38.66
313@MIST_444,313,MIST_444,-3.57,-65.63,12.71
314@MIST_444,314,MIST_444,5.78,-73.93,35.96
315@MIST_444,315,MIST_444,-59.11,-20.51,-9.76
316@MIST_444,316,MIST_444,34.04,-21.04,55.15
317@MIST_444,317,MIST_444,0.18,-58.26,29.58
318@MIST_444,318,MIST_444,26.2,-83.73,-26.8
319@MIST_444,319,MIST_444,8.2,49.45,6.3
320@MIST_444,320,MIST_444,21.53,44.42,25.05
321@MIST_444,321,MIST_444,42.33,-68.1,-16.46
322@MIST_444,322,MIST_444,49.59,-63.73,5.93
323@MIST_444,323,MIST_444,58.76,-10.04,-11.53
324@MIST_444,324,MIST_444,-35.3,-53.43,-22.69
325@MIST_444,325,MIST_444,-55.15,-21.21,26.01
326@MIST_444,326,MIST_444,17.69,43.34,44.47
327@MIST_444,327,MIST_444,-33.52,24.99,2.89
328@MIST_444,328,MIST_444,41.58,6.56,5.21
329@MIST_444,329,MIST_444,45.31,-3.47,-10.04
330@MIST_444,330,MIST_444,2.73,-15.63,38.04
331@MIST_444,331,MIST_444,-0.82,-24.06,42.71
332@MIST_444,332,MIST_444,58.81,-39.22,15.61
333@MIST_444,333,MIST_444,64.05,-33.7,-0.71
334@MIST_444,334,MIST_444,10.16,-43.63,35.77
335@MIST_444,335,MIST_444,-1.27,-66.89,22.83
336@MIST_444,336,MIST_444,-28.36,15.39,60.64
337@MIST_444,337,MIST_444,-46.38,-74.59,5.78
338@MIST_444,338,MIST_444,48.36,-52.34,-10.33
339@MIST_444,339,MIST_444,60.56,-39.84,-12.2
340@MIST_444,340,MIST_444,-27.54,-94.89,-14.02
341@MIST_444,341,MIST_444,1.27,-68.64,61.93
342@MIST_444,342,MIST_444,-33.71,46.24,-17.79
343@MIST_444,343,MIST_444,-58.2,2.56,33.62
344@MIST_444,344,MIST_444,57.43,1.95,33.25
345@MIST_444,345,MIST_444,-8.98,-85.18,6.7
346@MIST_444,346,MIST_444,41.9,-78.4,21.26
347@MIST_444,347,MIST_444,0.96,-67.89,41.89
348@MIST_444,348,MIST_444,51.64,-70.56,-5.84
349@MIST_444,349,MIST_444,22.97,27.3,-18.63
350@MIST_444,350,MIST_444,-63.06,-35.16,-11.8
351@MIST_444,351,MIST_444,-21.52,-22.81,71.19
352@MIST_444,352,MIST_444,43.75,-73.27,5.34
353@MIST_444,353,MIST_444,62.75,-45.84,-1.34
354@MIST_444,354,MIST_444,-36.47,12.1,-39.29
355@MIST_444,355,MIST_444,-12.8,-83.71,-39.89
356@MIST_444,356,MIST_444,-2.76,-21.03,-25.82
357@MIST_444,357,MIST_444,56.42,-24.59,-6.53
358@MIST_444,358,MIST_444,-31.7,-59.95,56.73
359@MIST_444,359,MIST_444,45.14,-29.02,-20.95
360@MIST_444,360,MIST_444,-30.57,-23.71,-12.07
361@MIST_444,361,MIST_444,37.99,40.87,-19.02
362@MIST_444,362,MIST_444,19.66,58.05,-10.62
363@MIST_444,363,MIST_444,53.59,10.74,8.63
364@MIST_444,364,MIST_444,-8.3,31.01,53.26
365@MIST_444,365,MIST_444,-34.57,-33.56,68.33
366@MIST_444,366,MIST_444,-50.22,-61.42,16.28
367@MIST_444,367,MIST_444,0.82,-85.26,31.97
368@MIST_444,368,MIST_444,5.26,11.16,-3.69
369@MIST_444,369,MIST_444,36.41,-32.92,42.92
370@MIST_444,370,MIST_444,-45.95,-3.02,-36.99
371@MIST_444,371,MIST_444,34.2,20.3,51.49
372@MIST_444,372,MIST_444,-40.29,-8.13,59.19
373@MIST_444,373,MIST_444,42.67,12.93,-19.76
374@MIST_444,374,MIST_444,35.44,33.15,37.31
375@MIST_444,375,MIST_444,-46.12,33.05,19.59
376@MIST_444,376,MIST_444,-48.23,-65.34,33.46
377@MIST_444,377,MIST_444,38.72,22.68,0.45
378@MIST_444,378,MIST_444,-1.05,-46.68,46.96
379@MIST_444,379,MIST_444,-29.62,38.78,-12.74
380@MIST_444,380,MIST_444,-35.43,-45.15,-35.11
381@MIST_444,381,MIST_444,56.9,-55.53,34.62
382@MIST_444,382,MIST_444,-45.85,-71.3,13.98
383@MIST_444,383,MIST_444,-44.61,0.65,-15.29
384@MIST_444,384,MIST_444,-0.56,-63.06,-38.71
385@MIST_444,385,MIST_444,-27.89,24.69,-20.63
386@MIST_444,386,MIST_444,33.91,12.74,-27.57
387@MIST_444,387,MIST_444,43.56,-20.63,48.24
388@MIST_444,388,MIST_444,1.72,-67.86,23.86
389@MIST_444,389,MIST_444,-20.43,-81.26,-11.35
390@MIST_444,390,MIST_444,48.35,-55.96,-40.2
391@MIST_444,391,MIST_444,21.97,-72.41,48.49
392@MIST_444,392,MIST_444,-15.34,13.85,62.8
393@MIST_444,393,MIST_444,46.83,26.31,20.1
394@MIST_444,394,MIST_444,-16.78,-73.17,44.93
395@MIST_444,395,MIST_444,39.18,-66.11,-45.8
396@MIST_444,396,MIST_444,53.22,0.09,-25.89
397@MIST_444,397,MIST_444,-0.25,-4.57,59.67
398@MIST_444,398,MIST_444,-39.95,38.95,32.05
399@MIST_444,399,MIST_444,-36.52,54.49,-1.95
400@MIST_444,400,MIST_444,-5.27,-26.82,3.47
401@MIST_444,401,MIST_444,27.74,-23.5,69.85
402@MIST_444,402,MIST_444,9.25,-64.25,48.67
403@MIST_444,403,MIST_444,31.68,55.07,5.9
404@MIST_444,404,MIST_444,0.46,33.8,-4.92
405@MIST_444,405,MIST_444,-4.56,-7.57,-30.52
406@MIST_444,406,MIST_444,12.88,-96.91,-0.15
407@MIST_444,407,MIST_444,29.65,-30.78,-7.42
408@MIST_444,408,MIST_444,32.94,-91.8,-7.4
409@MIST_444,409,MIST_444,6.66,-41.81,54.03
410@MIST_444,410,MIST_444,45.85,-68.22,38.93
411@MIST_444,411,MIST_444,13.66,-72.62,20.26
412@MIST_444,412,MIST_444,-55.11,-52.55,18.92
413@MIST_444,413,MIST_444,-20.22,58.22,15.24
414@MIST_444,414,MIST_444,-22.19,-0.55,66.56
415@MIST_444,415,MIST_444,21.37,-82.7,-44.85
416@MIST_444,416,MIST_444,-20.68,-83.48,32.02
417@MIST_444,417,MIST_444,4.1,-78.49,28.73
418@MIST_444,418,MIST_444,22.07,-2.33,67.95
419@MIST_444,419,MIST_444,2.36,28.94,57.54
420@MIST_444,420,MIST_444,3.76,-56.41,4.92
421@MIST_444,421,MIST_444,0.0,-20.31,62.11
422@MIST_444,422,MIST_444,-3.38,26.1,42.08
423@MIST_444,423,MIST_444,44.43,-62.31,-25.91
424@MIST_444,424,MIST_444,-5.72,9.54,62.31
425@MIST_444,425,MIST_444,-45.22,-28.48,53.09
426@MIST_444,426,MIST_444,-37.64,17.76,-27.01
427@MIST_444,427,MIST_444,-10.61,-43.11,56.94
428@MIST_444,428,MIST_444,3.89,-4.18,67.85
429@MIST_444,429,MIST_444,-44.83,40.85,-10.22
430@MIST_444,430,MIST_444,-20.68,-64.4,-56.5
431@MIST_444,431,MIST_444,3.91,-73.98,9.32
432@MIST_444,432,MIST_444,7.51,-11.97,59.81
433@MIST_444,433,MIST_444,40.86,26.66,11.87
434@MIST_444,434,MIST_444,-41.34,-17.9,-26.88
435@MIST_444,435,MIST_444,43.38,-7.62,50.26
436@MIST_444,436,MIST_444,-1.72,58.29,-9.72
437@MIST_444,437,MIST_444,16.7,14.86,64.77
438@MIST_444,438,MIST_444,8.39,-54.64,-4.79
439@MIST_444,439,MIST_444,-28.9,52.9,10.33
440@MIST_444,440,MIST_444,35.81,-82.64,12.75
441@MIST_444,441,MIST_444,-0.85,10.17,8.33
442@MIST_444,442,MIST_444,-54.25,-27.52,4.64
443@MIST_444,443,MIST_444,-22.49,39.51,42.98
444@MIST_444,444,MIST_444,9.84,-6.49,15.1
1@MIST_325,1,MIST_325,-54.49,-50.59,43.28
2@MIST_325,2,MIST_325,63.64,-20.66,-15.69
3@MIST_325,3,MIST_325,25.45,-66.12,-6.12
4@MIST_325,4,MIST_325,35.26,12.67,-40.24
5@MIST_325,5,MIST_325,60.49,-9.29,36.02
6@MIST_325,6,MIST_325,-55.75,-23.29,-24.75
7@MIST_325,7,MIST_325,29.39,-89.24,9.81
8@MIST_325,8,MIST_325,-1.39,-56.86,-60.96
9@MIST_325,9,MIST_325,33.16,-3.41,46.91
10@MIST_325,10,MIST_325,38.5,-57.25,-53.59
11@MIST_325,11,MIST_325,60.23,-44.18,33.42
12@MIST_325,12,MIST_325,-41.48,26.73,-10.37
13@MIST_325,13,MIST_325,-1.5,-41.61,-32.41
14@MIST_325,14,MIST_325,4.24,0.12,-26.72
15@MIST_325,15,MIST_325,-61.72,-41.91,19.12
16@MIST_325,16,MIST_325,37.42,0.89,-7.41
17@MIST_325,17,MIST_325,-0.22,-52.83,-2.0
18@MIST_325,18,MIST_325,0.39,-36.13,-28.14
19@MIST_325,19,MIST_325,-1.29,10.12,-8.22
20@MIST_325,20,MIST_325,32.88,-54.78,-13.95
21@MIST_325,21,MIST_325,42.57,38.98,25.2
22@MIST_325,22,MIST_325,-0.3,-54.03,60.1
23@MIST_325,23,MIST_325,58.35,-21.38,0.1
24@MIST_325,24,MIST_325,-59.77,-52.69,-1.84
25@MIST_325,25,MIST_325,43.16,3.0,41.81
26@MIST_325,26,MIST_325,-0.36,15.49,-10.04
27@MIST_325,27,MIST_325,46.49,32.17,-12.23
28@MIST_325,28,MIST_325,-18.19,-64.81,-49.78
29@MIST_325,29,MIST_325,25.8,31.72,38.16
30@MIST_325,30,MIST_325,20.62,-26.15,61.28
31@MIST_325,31,MIST_325,-58.01,-44.07,32.96
32@MIST_325,32,MIST_325,-25.26,-4.13,53.64
33@MIST_325,33,MIST_325,49.59,-63.73,5.93
34@MIST_325,34,MIST_325,-36.51,-63.92,-35.05
35@MIST_325,35,MIST_325,44.7,23.41,35.5
36@MIST_325,36,MIST_325,-14.91,-94.17,-1.84
37@MIST_325,37,MIST_325,0.57,-25.7,73.98
38@MIST_325,38,MIST_325,-36.47,12.1,-39.29
39@MIST_325,39,MIST_325,-52.24,-62.52,4.24
40@MIST_325,40,MIST_325,-41.49,49.43,12.22
41@MIST_325,41,MIST_325,-0.86,-36.29,-42.57
42@MIST_325,42,MIST_325,40.47,-19.57,18.88
43@MIST_325,43,MIST_325,0.99,1.93,40.92
44@MIST_325,44,MIST_325,53.26,-42.17,4.0
45@MIST_325,45,MIST_325,-50.27,2.89,-39.34
46@MIST_325,46,MIST_325,1.19,-50.83,-48.98
47@MIST_325,47,MIST_325,13.39,-79.98,-29.25
48@MIST_325,48,MIST_325,1.41,-10.36,34.99
49@MIST_325,49,MIST_325,-46.7,7.19,22.53
50@MIST_325,50,MIST_325,-0.9,37.74,41.4
51@MIST_325,51,MIST_325,-55.77,-4.29,-27.74
52@MIST_325,52,MIST_325,-45.87,3.21,33.15
53@MIST_325,53,MIST_325,-26.22,-56.04,-52.02
54@MIST_325,54,MIST_325,-64.55,-16.64,-18.69
55@MIST_325,55,MIST_325,3.12,-13.96,5.72
56@MIST_325,56,MIST_325,14.62,-94.47,15.27
57@MIST_325,57,MIST_325,24.1,-58.75,-51.3
58@MIST_325,58,MIST_325,0.06,36.61,21.94
59@MIST_325,59,MIST_325,17.89,26.79,47.06
60@MIST_325,60,MIST_325,-37.59,-68.0,-45.03
61@MIST_325,61,MIST_325,-27.13,8.62,52.55
62@MIST_325,62,MIST_325,5.53,-13.55,-0.54
63@MIST_325,63,MIST_325,-0.82,-31.95,40.82
64@MIST_325,64,MIST_325,8.32,49.19,-6.49
65@MIST_325,65,MIST_325,32.09,2.12,-45.41
66@MIST_325,66,MIST_325,42.64,10.42,45.96
67@MIST_325,67,MIST_325,-4.65,12.96,15.76
68@MIST_325,68,MIST_325,-2.12,-43.47,12.29
69@MIST_325,69,MIST_325,-1.97,-12.03,-21.73
70@MIST_325,70,MIST_325,-46.32,17.55,24.92
71@MIST_325,71,MIST_325,59.78,-16.31,6.72
72@MIST_325,72,MIST_325,-47.73,23.42,0.15
73@MIST_325,73,MIST_325,-0.65,-26.93,61.95
74@MIST_325,74,MIST_325,-53.72,-40.78,51.28
75@MIST_325,75,MIST_325,-31.91,18.84,-16.28
76@MIST_325,76,MIST_325,17.63,-93.4,-15.21
77@MIST_325,77,MIST_325,50.04,-56.98,17.33
78@MIST_325,78,MIST_325,-5.27,-26.82,3.47
79@MIST_325,79,MIST_325,41.15,-16.77,-28.35
80@MIST_325,80,MIST_325,-39.04,-0.65,16.0
81@MIST_325,81,MIST_325,-57.5,-45.79,7.21
82@MIST_325,82,MIST_325,-0.91,-57.5,17.57
83@MIST_325,83,MIST_325,29.01,-64.3,35.09
84@MIST_325,84,MIST_325,-16.04,-96.35,14.02
85@MIST_325,85,MIST_325,-40.71,37.84,6.38
86@MIST_325,86,MIST_325,1.73,-86.69,-6.59
87@MIST_325,87,MIST_325,-0.8,55.94,31.48
88@MIST_325,88,MIST_325,0.48,-53.76,-15.56
89@MIST_325,89,MIST_325,-4.53,-62.16,-26.54
90@MIST_325,90,MIST_325,-48.13,-55.35,-30.29
91@MIST_325,91,MIST_325,57.97,-49.15,18.07
92@MIST_325,92,MIST_325,-28.67,-77.97,-50.46
93@MIST_325,93,MIST_325,48.07,-36.22,50.01
94@MIST_325,94,MIST_325,-9.05,-44.36,36.37
95@MIST_325,95,MIST_325,0.11,-18.41,13.15
96@MIST_325,96,MIST_325,-52.06,-52.47,29.29
97@MIST_325,97,MIST_325,-33.82,-69.56,42.85
98@MIST_325,98,MIST_325,-53.53,8.03,-26.42
99@MIST_325,99,MIST_325,-8.39,64.85,11.93
100@MIST_325,100,MIST_325,0.55,-44.47,23.05
101@MIST_325,101,MIST_325,0.74,-71.85,-2.85
102@MIST_325,102,MIST_325,-0.44,-8.7,20.67
103@MIST_325,103,MIST_325,40.81,-77.56,33.81
104@MIST_325,104,MIST_325,51.54,-23.28,50.37
105@MIST_325,105,MIST_325,-31.17,-65.31,-14.46
106@MIST_325,106,MIST_325,-38.85,-22.67,14.27
107@MIST_325,107,MIST_325,3.95,20.63,-1.68
108@MIST_325,108,MIST_325,-53.66,10.54,8.45
109@MIST_325,109,MIST_325,-37.89,-49.89,44.54
110@MIST_325,110,MIST_325,-4.69,-42.91,-16.97
111@MIST_325,111,MIST_325,-2.2,-32.0,-14.72
112@MIST_325,112,MIST_325,-24.06,-76.69,-33.07
113@MIST_325,113,MIST_325,-27.4,-53.01,-6.85
114@MIST_325,114,MIST_325,36.7,23.11,10.57
115@MIST_325,115,MIST_325,0.09,17.41,35.34
116@MIST_325,116,MIST_325,37.43,-20.92,54.08
117@MIST_325,117,MIST_325,43.87,-21.83,63.26
118@MIST_325,118,MIST_325,32.7,-74.41,45.19
119@MIST_325,119,MIST_325,54.02,-51.6,-19.14
120@MIST_325,120,MIST_325,-41.86,-77.52,34.25
121@MIST_325,121,MIST_325,41.09,47.79,10.63
122@MIST_325,122,MIST_325,4.6,-9.52,52.69
123@MIST_325,123,MIST_325,-1.58,39.24,-13.32
124@MIST_325,124,MIST_325,-24.44,-55.2,52.39
125@MIST_325,125,MIST_325,-53.39,-11.47,-16.01
126@MIST_325,126,MIST_325,-53.01,23.89,10.34
127@MIST_325,127,MIST_325,-0.1,-48.01,-37.03
128@MIST_325,128,MIST_325,-42.97,16.89,48.6
129@MIST_325,129,MIST_325,-45.03,24.43,33.74
130@MIST_325,130,MIST_325,0.33,-6.53,-2.99
131@MIST_325,131,MIST_325,-0.85,-38.11,0.91
132@MIST_325,132,MIST_325,-3.04,-25.83,29.27
133@MIST_325,133,MIST_325,-34.95,-78.37,-6.95
134@MIST_325,134,MIST_325,-1.01,-41.48,-24.77
135@MIST_325,135,MIST_325,26.77,-66.63,-30.8
136@MIST_325,136,MIST_325,-0.56,-63.06,-38.71
137@MIST_325,137,MIST_325,-60.14,-4.31,16.82
138@MIST_325,138,MIST_325,-2.84,-53.41,-54.49
139@MIST_325,139,MIST_325,45.14,-29.02,-20.95
140@MIST_325,140,MIST_325,1.2,-27.84,50.38
141@MIST_325,141,MIST_325,-0.56,23.13,23.5
142@MIST_325,142,MIST_325,-0.36,-75.94,-33.25
143@MIST_325,143,MIST_325,-34.84,22.92,5.16
144@MIST_325,144,MIST_325,-1.59,-49.48,-23.66
145@MIST_325,145,MIST_325,0.18,-58.26,29.58
146@MIST_325,146,MIST_325,6.2,-66.51,-18.77
147@MIST_325,147,MIST_325,-37.51,14.27,37.84
148@MIST_325,148,MIST_325,47.15,-57.21,47.19
149@MIST_325,149,MIST_325,-33.24,-81.79,-37.45
150@MIST_325,150,MIST_325,-60.82,-30.48,34.88
151@MIST_325,151,MIST_325,-31.65,39.47,23.2
152@MIST_325,152,MIST_325,20.94,-64.9,61.82
153@MIST_325,153,MIST_325,-3.91,-44.55,-51.02
154@MIST_325,154,MIST_325,38.72,22.68,0.45
155@MIST_325,155,MIST_325,27.94,16.31,42.62
156@MIST_325,156,MIST_325,23.07,5.62,55.34
157@MIST_325,157,MIST_325,-23.67,-29.82,59.33
158@MIST_325,158,MIST_325,20.34,-80.48,-46.53
159@MIST_325,159,MIST_325,55.98,-40.63,46.7
160@MIST_325,160,MIST_325,48.36,-52.34,-10.33
161@MIST_325,161,MIST_325,26.81,-53.28,49.3
162@MIST_325,162,MIST_325,44.01,40.5,1.47
163@MIST_325,163,MIST_325,-30.51,-78.6,34.32
164@MIST_325,164,MIST_325,-10.96,-65.0,50.48
165@MIST_325,165,MIST_325,1.89,48.73,25.31
166@MIST_325,166,MIST_325,-5.78,-36.78,-23.37
167@MIST_325,167,MIST_325,26.37,-1.5,9.56
168@MIST_325,168,MIST_325,-0.62,-51.54,68.37
169@MIST_325,169,MIST_325,42.33,-68.1,-16.46
170@MIST_325,170,MIST_325,-24.94,31.45,38.66
171@MIST_325,171,MIST_325,28.23,-80.05,-37.16
172@MIST_325,172,MIST_325,33.75,-39.36,59.57
173@MIST_325,173,MIST_325,1.63,-57.4,-4.59
174@MIST_325,174,MIST_325,-59.18,-26.7,15.21
175@MIST_325,175,MIST_325,54.74,-9.85,-15.48
176@MIST_325,176,MIST_325,42.78,-3.79,-37.76
177@MIST_325,177,MIST_325,-59.11,-20.51,-9.76
178@MIST_325,178,MIST_325,21.83,-83.6,-17.61
179@MIST_325,179,MIST_325,41.9,-78.4,21.26
180@MIST_325,180,MIST_325,-1.66,-9.56,33.14
181@MIST_325,181,MIST_325,32.36,52.82,-8.29
182@MIST_325,182,MIST_325,-8.52,29.5,-18.02
183@MIST_325,183,MIST_325,12.33,-42.44,-8.63
184@MIST_325,184,MIST_325,-41.19,1.19,47.89
185@MIST_325,185,MIST_325,-25.76,19.13,52.91
186@MIST_325,186,MIST_325,-44.59,-81.01,-8.32
187@MIST_325,187,MIST_325,3.91,-73.98,9.32
188@MIST_325,188,MIST_325,32.17,17.93,-15.31
189@MIST_325,189,MIST_325,10.16,-43.63,35.77
190@MIST_325,190,MIST_325,-33.25,-70.54,-23.53
191@MIST_325,191,MIST_325,-55.15,-21.21,26.01
192@MIST_325,192,MIST_325,-0.82,-24.06,42.71
193@MIST_325,193,MIST_325,60.3,-29.22,-3.58
194@MIST_325,194,MIST_325,11.06,45.49,44.75
195@MIST_325,195,MIST_325,-18.65,14.75,-19.93
196@MIST_325,196,MIST_325,-47.6,40.07,-5.9
197@MIST_325,197,MIST_325,-45.11,-60.85,-7.88
198@MIST_325,198,MIST_325,-39.82,-32.89,57.83
199@MIST_325,199,MIST_325,8.27,-6.15,23.58
200@MIST_325,200,MIST_325,34.2,20.3,51.49
201@MIST_325,201,MIST_325,-25.31,34.2,49.91
202@MIST_325,202,MIST_325,12.88,-96.91,-0.15
203@MIST_325,203,MIST_325,35.81,-82.64,12.75
204@MIST_325,204,MIST_325,19.66,58.05,-10.62
205@MIST_325,205,MIST_325,-42.28,-78.51,6.55
206@MIST_325,206,MIST_325,0.55,26.51,39.85
207@MIST_325,207,MIST_325,-4.87,-62.98,33.35
208@MIST_325,208,MIST_325,35.44,33.15,37.31
209@MIST_325,209,MIST_325,21.97,-72.41,48.49
210@MIST_325,210,MIST_325,60.56,-39.84,-12.2
211@MIST_325,211,MIST_325,15.56,-6.87,53.84
212@MIST_325,212,MIST_325,-17.17,46.2,33.66
213@MIST_325,213,MIST_325,56.9,-55.53,34.62
214@MIST_325,214,MIST_325,2.91,-5.85,66.62
215@MIST_325,215,MIST_325,-52.46,-57.35,17.49
216@MIST_325,216,MIST_325,-44.05,-55.38,-46.86
217@MIST_325,217,MIST_325,4.13,-8.87,-16.87
218@MIST_325,218,MIST_325,13.39,6.49,4.64
219@MIST_325,219,MIST_325,22.93,-51.77,65.06
220@MIST_325,220,MIST_325,1.5,-41.01,71.17
221@MIST_325,221,MIST_325,36.06,14.15,-25.91
222@MIST_325,222,MIST_325,-5.69,-28.6,-8.63
223@MIST_325,223,MIST_325,36.41,-32.92,42.92
224@MIST_325,224,MIST_325,-3.3,12.61,-7.85
225@MIST_325,225,MIST_325,-46.12,33.05,19.59
226@MIST_325,226,MIST_325,44.43,-62.31,-25.91
227@MIST_325,227,MIST_325,2.73,-15.63,38.04
228@MIST_325,228,MIST_325,-8.76,44.37,-18.22
229@MIST_325,229,MIST_325,-48.23,-65.34,33.46
230@MIST_325,230,MIST_325,-2.22,29.83,55.7
231@MIST_325,231,MIST_325,0.12,-83.09,-26.17
232@MIST_325,232,MIST_325,-41.34,-17.9,-26.88
233@MIST_325,233,MIST_325,0.32,-42.96,-10.34
234@MIST_325,234,MIST_325,-26.88,1.87,7.44
235@MIST_325,235,MIST_325,31.68,55.07,5.9
236@MIST_325,236,MIST_325,-42.61,-55.93,-21.06
237@MIST_325,237,MIST_325,30.17,47.15,22.3
238@MIST_325,238,MIST_325,4.53,-67.0,42.91
239@MIST_325,239,MIST_325,39.18,-66.11,-45.8
240@MIST_325,240,MIST_325,-40.99,-22.62,61.9
241@MIST_325,241,MIST_325,58.84,-50.58,0.3
242@MIST_325,242,MIST_325,-15.23,-6.06,10.58
243@MIST_325,243,MIST_325,-55.78,-48.73,-13.43
244@MIST_325,244,MIST_325,-6.59,9.93,47.07
245@MIST_325,245,MIST_325,45.35,-57.58,29.05
246@MIST_325,246,MIST_325,44.59,-58.84,-38.72
247@MIST_325,247,MIST_325,-27.32,-51.01,63.79
248@MIST_325,248,MIST_325,2.83,-56.82,54.73
249@MIST_325,249,MIST_325,-11.74,-82.29,-34.34
250@MIST_325,250,MIST_325,57.0,-33.19,28.48
251@MIST_325,251,MIST_325,-22.19,-0.55,66.56
252@MIST_325,252,MIST_325,20.14,42.99,28.24
253@MIST_325,253,MIST_325,-36.52,54.49,-1.95
254@MIST_325,254,MIST_325,31.16,-94.02,-2.51
255@MIST_325,255,MIST_325,-52.9,-30.21,7.75
256@MIST_325,256,MIST_325,-20.43,-81.26,-11.35
257@MIST_325,257,MIST_325,0.25,-85.62,26.52
258@MIST_325,258,MIST_325,10.49,-6.25,10.17
259@MIST_325,259,MIST_325,38.37,-52.21,47.69
260@MIST_325,260,MIST_325,45.85,-68.22,38.93
261@MIST_325,261,MIST_325,-1.27,60.6,-7.47
262@MIST_325,262,MIST_325,-35.14,-1.23,-41.63
263@MIST_325,263,MIST_325,-28.9,52.9,10.33
264@MIST_325,264,MIST_325,45.1,-71.88,-1.92
265@MIST_325,265,MIST_325,21.34,35.4,-19.31
266@MIST_325,266,MIST_325,24.57,3.0,-4.98
267@MIST_325,267,MIST_325,-20.68,-64.4,-56.5
268@MIST_325,268,MIST_325,16.7,14.86,64.77
269@MIST_325,269,MIST_325,-21.28,59.55,-9.88
270@MIST_325,270,MIST_325,58.02,-33.58,13.93
271@MIST_325,271,MIST_325,0.57,-50.92,46.4
272@MIST_325,272,MIST_325,5.98,-21.75,70.55
273@MIST_325,273,MIST_325,-19.26,-93.92,-13.92
274@MIST_325,274,MIST_325,-7.42,-15.72,44.4
275@MIST_325,275,MIST_325,-10.41,11.0,65.17
276@MIST_325,276,MIST_325,-0.71,-90.11,30.18
277@MIST_325,277,MIST_325,-15.79,-66.16,27.83
278@MIST_325,278,MIST_325,-1.56,-51.16,5.14
279@MIST_325,279,MIST_325,-0.96,7.0,-16.3
280@MIST_325,280,MIST_325,58.82,-21.88,32.31
281@MIST_325,281,MIST_325,-6.48,-73.51,40.84
282@MIST_325,282,MIST_325,-3.45,52.6,11.16
283@MIST_325,283,MIST_325,-44.14,-59.83,45.44
284@MIST_325,284,MIST_325,-0.85,10.17,8.33
285@MIST_325,285,MIST_325,26.11,-77.25,-9.94
286@MIST_325,286,MIST_325,0.36,-1.8,57.58
287@MIST_325,287,MIST_325,-20.31,60.49,12.54
288@MIST_325,288,MIST_325,43.2,-29.97,10.58
289@MIST_325,289,MIST_325,-2.24,38.94,-3.28
290@MIST_325,290,MIST_325,-3.84,-12.96,-28.64
291@MIST_325,291,MIST_325,-35.1,12.29,-26.08
292@MIST_325,292,MIST_325,51.81,5.76,-29.27
293@MIST_325,293,MIST_325,-58.81,-9.18,-0.16
294@MIST_325,294,MIST_325,-5.02,-84.25,23.47
295@MIST_325,295,MIST_325,59.3,-17.95,-25.84
296@MIST_325,296,MIST_325,18.22,-61.49,-56.34
297@MIST_325,297,MIST_325,-9.64,-72.11,17.8
298@MIST_325,298,MIST_325,-12.44,-0.67,35.54
299@MIST_325,299,MIST_325,-6.09,-17.73,57.24
300@MIST_325,300,MIST_325,53.41,21.21,6.17
301@MIST_325,301,MIST_325,0.45,11.98,58.05
302@MIST_325,302,MIST_325,-2.12,-88.19,5.3
303@MIST_325,303,MIST_325,1.96,40.11,9.12
304@MIST_325,304,MIST_325,15.94,61.96,13.69
305@MIST_325,305,MIST_325,17.9,-1.52,68.89
306@MIST_325,306,MIST_325,43.92,25.06,21.12
307@MIST_325,307,MIST_325,-41.56,-34.16,44.74
308@MIST_325,308,MIST_325,-60.82,-36.74,-5.35
309@MIST_325,309,MIST_325,7.63,0.55,-13.75
310@MIST_325,310,MIST_325,0.83,-71.38,56.0
311@MIST_325,311,MIST_325,-28.32,-66.14,56.09
312@MIST_325,312,MIST_325,-3.3,-79.15,28.82
313@MIST_325,313,MIST_325,-3.19,-73.86,-7.18
314@MIST_325,314,MIST_325,-2.16,-42.47,55.52
315@MIST_325,315,MIST_325,-9.81,-11.75,59.49
316@MIST_325,316,MIST_325,-1.04,-61.97,20.77
317@MIST_325,317,MIST_325,-0.38,43.12,-22.17
318@MIST_325,318,MIST_325,-29.7,-92.94,2.57
319@MIST_325,319,MIST_325,48.32,8.32,25.24
320@MIST_325,320,MIST_325,-19.68,-10.54,-1.93
321@MIST_325,321,MIST_325,0.52,-45.05,-34.52
322@MIST_325,322,MIST_325,-1.47,-63.33,8.28
323@MIST_325,323,MIST_325,1.23,6.63,-2.38
324@MIST_325,324,MIST_325,-7.55,34.93,-10.8
325@MIST_325,325,MIST_325,-35.56,42.6,32.24
1@MIST_197,1,MIST_197,3.95,20.63,-1.68
2@MIST_197,2,MIST_197,0.09,17.41,35.34
3@MIST_197,3,MIST_197,-0.1,-48.01,-37.03
4@MIST_197,4,MIST_197,-0.91,-57.5,17.57
5@MIST_197,5,MIST_197,36.7,23.11,10.57
6@MIST_197,6,MIST_197,49.59,-63.73,5.93
7@MIST_197,7,MIST_197,-1.52,-77.54,34.04
8@MIST_197,8,MIST_197,5.53,-13.55,-0.54
9@MIST_197,9,MIST_197,3.12,-13.96,5.72
10@MIST_197,10,MIST_197,1.23,6.63,-2.38
11@MIST_197,11,MIST_197,-0.56,23.13,23.5
12@MIST_197,12,MIST_197,28.23,-80.05,-37.16
13@MIST_197,13,MIST_197,0.57,-25.7,73.98
14@MIST_197,14,MIST_197,-4.53,-62.16,-26.54
15@MIST_197,15,MIST_197,-2.28,-54.74,-56.99
16@MIST_197,16,MIST_197,0.18,-58.26,29.58
17@MIST_197,17,MIST_197,47.15,-57.21,47.19
18@MIST_197,18,MIST_197,-0.79,12.99,-9.19
19@MIST_197,19,MIST_197,-48.23,-65.34,33.46
20@MIST_197,20,MIST_197,-2.95,-12.06,52.55
21@MIST_197,21,MIST_197,0.33,-6.53,-2.99
22@MIST_197,22,MIST_197,-0.9,37.74,41.4
23@MIST_197,23,MIST_197,-3.3,12.61,-7.85
24@MIST_197,24,MIST_197,-4.69,-42.91,-16.97
25@MIST_197,25,MIST_197,-3.04,-25.83,29.27
26@MIST_197,26,MIST_197,-5.27,-26.82,3.47
27@MIST_197,27,MIST_197,-0.56,-63.06,-38.71
28@MIST_197,28,MIST_197,4.13,-8.87,-16.87
29@MIST_197,29,MIST_197,-38.85,-22.67,14.27
30@MIST_197,30,MIST_197,0.55,-44.47,23.05
31@MIST_197,31,MIST_197,-40.99,-22.62,61.9
32@MIST_197,32,MIST_197,-0.38,43.12,-22.17
33@MIST_197,33,MIST_197,1.19,-50.83,-48.98
34@MIST_197,34,MIST_197,-3.08,4.85,17.6
35@MIST_197,35,MIST_197,40.47,-19.57,18.88
36@MIST_197,36,MIST_197,-54.98,-48.36,31.09
37@MIST_197,37,MIST_197,-41.19,1.19,47.89
38@MIST_197,38,MIST_197,-15.23,-6.06,10.58
39@MIST_197,39,MIST_197,-60.82,-30.48,34.88
40@MIST_197,40,MIST_197,-0.36,-75.94,-33.25
41@MIST_197,41,MIST_197,44.01,40.5,1.47
42@MIST_197,42,MIST_197,0.2,-45.23,-8.42
43@MIST_197,43,MIST_197,0.11,-18.41,13.15
44@MIST_197,44,MIST_197,-24.94,31.45,38.66
45@MIST_197,45,MIST_197,50.75,6.77,-30.69
46@MIST_197,46,MIST_197,1.63,-57.4,-4.59
47@MIST_197,47,MIST_197,-33.24,-81.79,-37.45
48@MIST_197,48,MIST_197,-3.45,52.6,11.16
49@MIST_197,49,MIST_197,6.2,-66.51,-18.77
50@MIST_197,50,MIST_197,-41.13,17.73,39.99
51@MIST_197,51,MIST_197,-41.5,0.5,-40.67
52@MIST_197,52,MIST_197,-42.28,-78.51,6.55
53@MIST_197,53,MIST_197,-44.05,-55.38,-46.86
54@MIST_197,54,MIST_197,-4.65,0.46,8.32
55@MIST_197,55,MIST_197,0.12,-83.09,-26.17
56@MIST_197,56,MIST_197,-37.0,-65.75,-39.53
57@MIST_197,57,MIST_197,-45.92,-45.27,47.96
58@MIST_197,58,MIST_197,0.55,26.51,39.85
59@MIST_197,59,MIST_197,-7.42,-15.72,44.4
60@MIST_197,60,MIST_197,-0.71,-90.11,30.18
61@MIST_197,61,MIST_197,22.39,-71.0,-30.29
62@MIST_197,62,MIST_197,1.51,-43.96,36.04
63@MIST_197,63,MIST_197,31.68,55.07,5.9
64@MIST_197,64,MIST_197,-25.76,19.13,52.91
65@MIST_197,65,MIST_197,-45.11,-60.85,-7.88
66@MIST_197,66,MIST_197,38.37,-52.21,47.69
67@MIST_197,67,MIST_197,43.16,-73.26,-1.12
68@MIST_197,68,MIST_197,-4.48,-30.96,-6.26
69@MIST_197,69,MIST_197,43.92,25.06,21.12
70@MIST_197,70,MIST_197,3.91,-73.98,9.32
71@MIST_197,71,MIST_197,1.5,-41.01,71.17
72@MIST_197,72,MIST_197,-47.6,40.07,-5.9
73@MIST_197,73,MIST_197,33.75,-39.36,59.57
74@MIST_197,74,MIST_197,-1.47,-63.33,8.28
75@MIST_197,75,MIST_197,27.88,-75.53,20.76
76@MIST_197,76,MIST_197,11.06,45.49,44.75
77@MIST_197,77,MIST_197,-20.38,41.47,40.07
78@MIST_197,78,MIST_197,23.07,5.62,55.34
79@MIST_197,79,MIST_197,41.5,-60.93,-44.22
80@MIST_197,80,MIST_197,24.87,-5.61,51.79
81@MIST_197,81,MIST_197,-38.35,-65.33,-25.85
82@MIST_197,82,MIST_197,0.52,-45.05,-34.52
83@MIST_197,83,MIST_197,-52.46,-57.35,17.49
84@MIST_197,84,MIST_197,-1.27,-41.55,-28.82
85@MIST_197,85,MIST_197,29.54,-59.88,-10.43
86@MIST_197,86,MIST_197,27.94,16.31,42.62
87@MIST_197,87,MIST_197,20.47,6.48,5.74
88@MIST_197,88,MIST_197,57.7,-34.01,-0.77
89@MIST_197,89,MIST_197,-33.93,41.3,28.48
90@MIST_197,90,MIST_197,-41.56,-34.16,44.74
91@MIST_197,91,MIST_197,-2.01,-7.26,-3.49
92@MIST_197,92,MIST_197,-59.97,-10.19,-23.42
93@MIST_197,93,MIST_197,-1.87,-73.18,-5.72
94@MIST_197,94,MIST_197,15.94,61.96,13.69
95@MIST_197,95,MIST_197,-2.22,29.83,55.7
96@MIST_197,96,MIST_197,27.55,46.32,23.13
97@MIST_197,97,MIST_197,41.7,44.19,16.58
98@MIST_197,98,MIST_197,-4.48,-28.23,60.18
99@MIST_197,99,MIST_197,-45.39,24.66,-3.79
100@MIST_197,100,MIST_197,-0.85,10.17,8.33
101@MIST_197,101,MIST_197,26.51,-7.1,33.52
102@MIST_197,102,MIST_197,-3.3,-79.15,28.82
103@MIST_197,103,MIST_197,1.38,-3.41,61.18
104@MIST_197,104,MIST_197,9.61,18.25,-15.66
105@MIST_197,105,MIST_197,-0.48,-25.2,61.99
106@MIST_197,106,MIST_197,-1.97,-22.71,71.36
107@MIST_197,107,MIST_197,12.89,-83.54,18.77
108@MIST_197,108,MIST_197,1.46,-53.23,49.67
109@MIST_197,109,MIST_197,55.12,-7.96,-16.71
110@MIST_197,110,MIST_197,-53.31,17.78,9.48
111@MIST_197,111,MIST_197,46.04,-65.58,34.94
112@MIST_197,112,MIST_197,-26.82,52.52,10.29
113@MIST_197,113,MIST_197,45.79,5.57,27.81
114@MIST_197,114,MIST_197,-1.04,-61.97,20.77
115@MIST_197,115,MIST_197,33.24,25.62,46.82
116@MIST_197,116,MIST_197,1.61,41.32,-10.38
117@MIST_197,117,MIST_197,-48.61,-20.62,-25.8
118@MIST_197,118,MIST_197,-2.98,-42.03,-48.45
119@MIST_197,119,MIST_197,39.44,-1.94,-40.15
120@MIST_197,120,MIST_197,-1.83,11.89,53.86
121@MIST_197,121,MIST_197,0.25,-85.62,26.52
122@MIST_197,122,MIST_197,-2.3,-93.24,-14.98
123@MIST_197,123,MIST_197,58.84,-50.58,0.3
124@MIST_197,124,MIST_197,-1.51,2.24,40.93
125@MIST_197,125,MIST_197,20.46,31.05,41.72
126@MIST_197,126,MIST_197,-3.52,-9.36,-27.0
127@MIST_197,127,MIST_197,-47.33,-56.98,44.77
128@MIST_197,128,MIST_197,2.15,2.88,-22.54
129@MIST_197,129,MIST_197,56.07,-50.39,33.61
130@MIST_197,130,MIST_197,-15.36,63.72,12.63
131@MIST_197,131,MIST_197,-4.26,-41.52,-10.4
132@MIST_197,132,MIST_197,-1.71,-49.05,7.1
133@MIST_197,133,MIST_197,0.78,51.7,27.85
134@MIST_197,134,MIST_197,-23.02,-72.27,31.02
135@MIST_197,135,MIST_197,-11.85,38.01,-16.48
136@MIST_197,136,MIST_197,-57.3,-50.25,-9.0
137@MIST_197,137,MIST_197,-25.37,1.31,57.86
138@MIST_197,138,MIST_197,2.23,-95.23,14.76
139@MIST_197,139,MIST_197,1.22,38.86,19.1
140@MIST_197,140,MIST_197,21.64,-69.96,52.84
141@MIST_197,141,MIST_197,-1.27,60.6,-7.47
142@MIST_197,142,MIST_197,-43.96,34.97,14.31
143@MIST_197,143,MIST_197,-42.61,-55.93,-21.06
144@MIST_197,144,MIST_197,-0.22,-59.52,-51.12
145@MIST_197,145,MIST_197,-5.22,12.35,-39.7
146@MIST_197,146,MIST_197,43.64,-24.41,-23.74
147@MIST_197,147,MIST_197,1.88,-96.07,-2.05
148@MIST_197,148,MIST_197,-4.73,-31.33,-24.22
149@MIST_197,149,MIST_197,-30.31,-68.74,51.24
150@MIST_197,150,MIST_197,30.49,-68.35,39.14
151@MIST_197,151,MIST_197,34.38,51.2,-8.49
152@MIST_197,152,MIST_197,11.58,-87.98,2.92
153@MIST_197,153,MIST_197,-0.03,-56.87,66.36
154@MIST_197,154,MIST_197,-0.73,-93.73,-2.14
155@MIST_197,155,MIST_197,-1.84,-39.94,51.98
156@MIST_197,156,MIST_197,7.29,32.63,-18.7
157@MIST_197,157,MIST_197,-2.21,-63.02,-56.42
158@MIST_197,158,MIST_197,-38.34,52.64,3.24
159@MIST_197,159,MIST_197,56.62,-35.97,35.28
160@MIST_197,160,MIST_197,-17.23,-79.79,-33.77
161@MIST_197,161,MIST_197,-2.12,-88.19,5.3
162@MIST_197,162,MIST_197,-2.75,-4.75,11.73
163@MIST_197,163,MIST_197,-46.72,-22.27,51.83
164@MIST_197,164,MIST_197,0.44,-74.32,-12.54
165@MIST_197,165,MIST_197,-0.79,-54.7,50.87
166@MIST_197,166,MIST_197,20.09,-2.7,-2.1
167@MIST_197,167,MIST_197,-49.54,-66.23,8.35
168@MIST_197,168,MIST_197,60.62,-22.32,-19.84
169@MIST_197,169,MIST_197,-0.7,-64.76,37.59
170@MIST_197,170,MIST_197,51.5,25.86,1.56
171@MIST_197,171,MIST_197,-46.3,10.67,26.54
172@MIST_197,172,MIST_197,34.41,-71.74,-22.23
173@MIST_197,173,MIST_197,-13.8,-17.01,0.75
174@MIST_197,174,MIST_197,50.59,-31.77,12.25
175@MIST_197,175,MIST_197,43.39,12.43,41.79
176@MIST_197,176,MIST_197,0.23,-26.03,46.71
177@MIST_197,177,MIST_197,43.9,-31.11,46.98
178@MIST_197,178,MIST_197,-5.59,-72.16,44.81
179@MIST_197,179,MIST_197,-55.92,-9.96,-16.2
180@MIST_197,180,MIST_197,-14.9,-4.44,21.97
181@MIST_197,181,MIST_197,53.83,-52.24,-13.12
182@MIST_197,182,MIST_197,37.27,-20.68,59.74
183@MIST_197,183,MIST_197,-2.44,40.26,0.89
184@MIST_197,184,MIST_197,-14.79,-75.32,-11.24
185@MIST_197,185,MIST_197,53.82,-53.25,17.68
186@MIST_197,186,MIST_197,-5.14,-51.71,63.75
187@MIST_197,187,MIST_197,0.41,-12.43,35.46
188@MIST_197,188,MIST_197,4.58,5.28,67.38
189@MIST_197,189,MIST_197,1.9,-79.54,-48.01
190@MIST_197,190,MIST_197,0.08,-9.83,56.59
191@MIST_197,191,MIST_197,-0.18,-47.27,-21.74
192@MIST_197,192,MIST_197,-2.96,10.1,-21.65
193@MIST_197,193,MIST_197,6.88,-21.57,29.44
194@MIST_197,194,MIST_197,-59.9,-39.24,-1.88
195@MIST_197,195,MIST_197,0.64,58.75,-10.27
196@MIST_197,196,MIST_197,-56.31,-32.81,13.44
197@MIST_197,197,MIST_197,1.24,22.8,2.85
SUPERIOR_PARIETAL_LOBULE,1,MIST_122,0.57,-25.7,73.98
CAUDATE_ventral,2,MIST_122,3.95,20.63,-1.68
CEREBELLUM_VERMIS,3,MIST_122,0.2,-45.23,-8.42
left_INFERIOR_PARIETAL_LOBULE,4,MIST_122,-48.23,-65.34,33.46
SOMATOMOTOR_NETWORK_anteromedial,5,MIST_122,-2.95,-12.06,52.55
ANTERIOR_CINGULATE_CORTEX_dorsal,6,MIST_122,-0.29,20.72,28.48
left_MIDDLE_FRONTAL_GYRUS_posterorostral,7,MIST_122,-41.13,17.73,39.99
left_SOMATOMOTOR_NETWORK_dorsolateral,8,MIST_122,-40.99,-22.62,61.9
CEREBELLUM_VI_posterior,9,MIST_122,-0.36,-75.94,-33.25
CAUDATE_dorsal,10,MIST_122,-3.08,4.85,17.6
CEREBELLUM_IX_dorsal,11,MIST_122,-0.56,-63.06,-38.71
ANTERIOR_INSULA_ventral,12,MIST_122,-3.3,12.61,-7.85
PUTAMEN_anterior,13,MIST_122,1.23,6.63,-2.38
CEREBELLUM_IX_ventral,14,MIST_122,-2.28,-54.74,-56.99
right_ANGULAR_GYRUS,15,MIST_122,53.82,-53.25,17.68
POSTERIOR_VISUAL_NETWORK_dorsomedial,16,MIST_122,2.23,-95.23,14.76
PRECUNEUS_ventral,17,MIST_122,0.35,-52.18,26.7
CEREBELLUM_VIIb_medial,18,MIST_122,1.9,-79.54,-48.01
MEDIAL_VISUAL_NETWORK_anterodorsal,19,MIST_122,-1.47,-63.33,8.28
right_INTRAPARIETAL_SULCUS,20,MIST_122,38.37,-52.21,47.69
POSTERIOR_INSULA_ventral,21,MIST_122,-2.01,-7.26,-3.49
left_MIDDLE_FRONTAL_GYRUS_posterocaudal,22,MIST_122,-41.19,1.19,47.89
ANTERIOR_INSULA_posterodorsal,23,MIST_122,20.47,6.48,5.74
POSTERIOR_CINGULATE_CORTEX,24,MIST_122,1.51,-43.96,36.04
PUTAMEN_posterior,25,MIST_122,-2.8,-2.14,4.11
CINGULATE_SULCUS_posterior,26,MIST_122,-1.51,2.24,40.93
PRE_SUPPLEMENTARY_MOTOR_CORTEX_posterior,28,MIST_122,1.38,-3.41,61.18
MEDIAL_VISUAL_NETWORK_anteroventral,29,MIST_122,1.63,-57.4,-4.59
PERI_INSULAR_SULCUS,30,MIST_122,9.61,18.25,-15.66
THALAMUS_dorsal,31,MIST_122,1.71,-16.05,9.2
right_MIDDLE_TEMPORAL_GYRUS_anterior,32,MIST_122,53.12,-1.2,-23.12
left_ANGULAR_GYRUS,33,MIST_122,-52.46,-57.35,17.49
DORSOMEDIAL_PREFRONTAL_CORTEX_posterior,34,MIST_122,0.02,30.65,40.42
VENTRAL_MEDIAL_PREFRONTAL_CORTEX_posterior,35,MIST_122,1.61,41.32,-10.38
THALAMUS_ventral,36,MIST_122,-0.65,-21.14,1.75
right_POSTCENTRAL_SULCUS,37,MIST_122,-41.56,-34.16,44.74
left_MIDDLE_FRONTAL_GYRUS_anterior,38,MIST_122,-33.93,41.3,28.48
LATERAL_VISUAL_NETWORK_posterior,39,MIST_122,2.06,-75.78,2.57
VENTRAL_VISUAL_NETWORK_medial,40,MIST_122,-1.87,-73.18,-5.72
NOISE,41,MIST_122,-2.3,-93.24,-14.98
HIPPOCAMPUS,42,MIST_122,-4.48,-30.96,-6.26
LATERAL_VISUAL_NETWORK_dorsoposterior,43,MIST_122,12.89,-83.54,18.77
CEREBELLUM_VI_dorsal,44,MIST_122,1.08,-64.68,-19.57
CAUDATE,45,MIST_122,-0.85,10.17,8.33
CEREBELLUM_VIIb_lateral,46,MIST_122,-2.21,-63.02,-56.42
PRECUNEUS_dorsal,47,MIST_122,1.46,-53.23,49.67
CEREBELLUM_I-V,48,MIST_122,-0.4,-46.11,-23.17
FUSIFORM_GYRUS_ventrolateral,49,MIST_122,-4.19,-59.06,-8.25
left_DORSAL_VISUAL_STREAM_ventral,50,MIST_122,-29.83,-72.86,31.94
MEDIAL_VISUAL_NETWORK_posterior,51,MIST_122,0.01,-77.37,8.53
POSTERIOR_INSULA_dorsal,52,MIST_122,-7.89,-5.29,11.25
left_SUPERIOR_FRONTAL_SULCUS_anterior,53,MIST_122,-22.96,32.44,43.92
left_CEREBELLUM_CRUSII_anterior,54,MIST_122,-40.3,-60.89,-42.97
DORSOMEDIAL_PREFRONTAL_CORTEX_anterocaudal,55,MIST_122,-0.79,52.03,21.66
MEDIODORSAL_VISUAL_NETWORK_anterior,56,MIST_122,0.43,-77.62,28.24
MEDIODORSAL_VISUAL_NETWORK_posterior,57,MIST_122,-0.11,-87.27,27.87
right_MIDDLE_FRONTAL_GYRUS_anterior,58,MIST_122,27.55,46.32,23.13
right_INFERIOR_FRONTAL_SULCUS,59,MIST_122,44.72,16.73,23.98
POSTERIOR_VISUAL_NETWORK_lateral,60,MIST_122,4.47,-93.21,0.61
MEDIAL_ORBITAL_GYRUS,61,MIST_122,-2.21,35.48,-19.95
right_CEREBELLUM_CRUSII_anterior,62,MIST_122,41.5,-60.93,-44.22
SUPERIOR_FRONTAL_GYRUS_anterodorsal,63,MIST_122,4.49,37.73,50.17
CEREBELLUM_IX_middle,65,MIST_122,0.32,-47.11,-43.26
VENTRAL_MEDIAL_PREFRONTAL_CORTEX_anterior,66,MIST_122,-1.27,60.6,-7.47
SOMATOMOTOR_NETWORK_medial,67,MIST_122,-0.48,-25.2,61.99
SOMATOMOTOR_NETWORK_mediolateral,68,MIST_122,-3.19,-25.39,65.93
right_DORSAL_VISUAL_STREAM_ventral,69,MIST_122,26.12,-70.43,43.94
TEMPORAL_POLE,70,MIST_122,-11.53,5.35,-40.93
AMYGDALA,71,MIST_122,3.06,-7.47,-19.9
PARIETO_OCCIPITAL_SULCUS_ventral,72,MIST_122,-1.71,-49.05,7.1
right_SOMATOMOTOR_NETWORK_dorsolateral,73,MIST_122,37.27,-20.68,59.74
left_INTRAPARIETAL_SULCUS,74,MIST_122,-37.57,-57.82,49.71
FRONTAL_POLE,75,MIST_122,-5.13,57.21,-11.62
right_VENTROLATERAL_PREFRONTAL_CORTEX,77,MIST_122,51.5,25.86,1.56
CAUDATE_NUCLEUS_HEAD_and_NUCLEUS_ACCUMBENS,78,MIST_122,-0.84,11.28,-11.21
COLLATERAL_SULCUS,79,MIST_122,-4.4,-41.99,-12.66
left_FRONTAL_POLE_lateral,80,MIST_122,32.1,53.69,-2.82
LATERAL_VISUAL_NETWORK_ventroposterior,81,MIST_122,-7.17,-75.19,-11.33
left_MIDDLE_TEMPORAL_GYRUS_posterior,82,MIST_122,-58.99,-32.78,-5.46
DORSAL_VISUAL_STREAM_superior,83,MIST_122,4.32,-57.1,53.45
CEREBELLUM_CRUSI,84,MIST_122,-2.68,-73.36,-24.83
ANTERIOR_INSULA_anteroodorsal,85,MIST_122,10.94,22.89,4.96
SUPERIOR_TEMPORAL_GYRUS_anterior,86,MIST_122,-2.96,10.1,-21.65
DORSOMEDIAL_PREFRONTAL_CORTEX_anterororstral,87,MIST_122,1.64,62.77,13.2
SUPERIOR_TEMPORAL_GYRUS_middle,88,MIST_122,0.66,-5.24,-0.93
left_MIDDLE_TEMPORAL_GYRUS_anterior,89,MIST_122,-44.49,-6.74,-20.97
left_CEREBELLUM_CRUSII_posterior,90,MIST_122,-22.75,-80.48,-35.04
right_SUPERIOR_FRONTAL_SULCUS,91,MIST_122,23.23,25.59,42.05
right_PARS_ORBITALIS,92,MIST_122,42.57,42.79,10.85
SOMATOMOTOR_NETWORK_lateral,93,MIST_122,5.6,-11.65,47.38
right_FRONTAL_POLE_lateral,94,MIST_122,-33.66,52.59,6.11
SUPRAMARGINAL_GYRUS,95,MIST_122,-4.34,-29.29,32.06
PARIETO_OCCIPITAL_SULCUS_dorsal,96,MIST_122,-3.78,-69.42,42.13
CEREBELLUM_VI_anterior,97,MIST_122,-1.5,-51.89,-31.33
right_INFERIOR_PARIETAL_LOBULE,98,MIST_122,50.44,-57.38,37.21
HESCHLS GYRUS,99,MIST_122,21.88,-24.5,14.34
DORSAL_VISUAL_STREAM_ventrolateral,100,MIST_122,17.13,-76.26,25.61
VENTRAL_VISUAL_NETWORK_lateral,101,MIST_122,7.03,-69.91,-11.22
left_POSTCENTRAL_SULCUS,102,MIST_122,48.54,-28.78,43.83
PARIETO_OCCIPITAL_SULCUS,103,MIST_122,-1.0,-60.53,19.74
FUSIFORM_GYRUS_dorsolateral,104,MIST_122,11.33,-61.34,5.47
left_INFERIOR_FRONTAL_SULCUS,105,MIST_122,-45.37,20.36,21.66
right_MIDDLE_TEMPORAL_GYRUS_posterior,106,MIST_122,59.46,-31.99,-5.68
POSTERIOR_VISUAL_NETWORK_ventromedial,107,MIST_122,0.48,-92.97,-0.52
CEREBELLUM_VIIIab,108,MIST_122,-1.59,-53.96,-51.08
LATERAL_ORBITAL_GYRUS,109,MIST_122,3.38,36.52,-16.75
SOMATOMOTOR_NETWORK_ventrolateral,110,MIST_122,-4.96,-5.6,29.2
right_MIDDLE_FRONTAL_GYRUS_posterior,111,MIST_122,38.49,18.79,44.22
INFERIOR_TEMPORAL_GYRUS,112,MIST_122,8.61,-17.41,-27.84
FRONTAL_EYE_FIELD,113,MIST_122,-1.51,-2.11,57.6
PERIGENUAL_ANTERIOR_CINGULATE_CORTEX,115,MIST_122,-0.74,39.61,9.37
POSTCENTRAL_SULCUS_dorsal,116,MIST_122,-1.83,-38.01,63.63
OCCIPITOTEMPORAL_GYRUS_lateral,117,MIST_122,-12.9,-44.83,-17.53
INFERIOR_MARGINAL_SULCUS,118,MIST_122,-0.23,-30.3,47.49
SUPERIOR_TEMPORAL_GYRUS_posterior,119,MIST_122,-27.23,-32.47,10.19
left_VENTROLATERAL_PREFRONTAL_CORTEX,120,MIST_122,-48.62,28.05,-0.46
right_CEREBELLUM_CRUSII_posterior,121,MIST_122,24.98,-75.02,-33.34
PRE_SUPPLEMENTARY_MOTOR_CORTEX_anterior,122,MIST_122,-0.95,9.41,61.09
PUTAMEN,1,MIST_64,-1.18,1.38,1.51
THALAMUS,4,MIST_64,0.7,-18.24,6.0
CEREBELLUM_CRUSII_right,11,MIST_64,32.67,-68.46,-38.41
CEREBELLUM_VIIb,15,MIST_64,-0.1,-71.52,-52.09
FUSIFORM_GYRUS_medial,16,MIST_64,-5.12,-45.23,-11.99
CAUDATE_NUCLEUS,17,MIST_64,-0.63,10.49,9.56
POSTERIOR_CINGULATE_CORTEX_and_PRECUNEUS,19,MIST_64,0.7,-48.75,32.07
POSTERIOR_CINGULATE_CORTEX_dorsal,21,MIST_64,-0.9,-16.46,31.64
MIDDLE_TEMPORAL_GYRUS_anterior,24,MIST_64,-2.88,-4.38,-21.88
AMYGDALA_and_HIPPOCAMPUS,25,MIST_64,-0.31,-19.0,-14.37
VISUAL_NETWORK_mediodorsal,27,MIST_64,0.08,-84.0,27.99
CEREBELLUM_VI,29,MIST_64,-0.36,-60.13,-27.13
POSTERIOR_VISUAL_NETWORK_medial,30,MIST_64,6.2,-92.47,0.16
MEDIAL_VISUAL_NETWORK_anterior,35,MIST_64,0.05,-62.44,3.99
ANTERIOR_INSULA_ventral_and_PERI_INSULAR_SULCUS,36,MIST_64,0.14,12.11,-20.17
LATERAL_VISUAL_NETWORK_anterior,38,MIST_64,6.54,-67.88,-9.04
FUSIFORM_GYRUS_lateral,40,MIST_64,4.39,-60.32,-0.66
ORBITOFRONTAL_CORTEX,41,MIST_64,-2.18,36.73,-19.52
VENTRAL_MEDIAL_PREFRONTAL_CORTEX,42,MIST_64,0.14,51.14,-8.9
CEREBELLUM_CRUSII_left,44,MIST_64,-30.27,-72.08,-38.44
AUDITORY_NETWORK,46,MIST_64,-6.01,-24.33,8.7
POSTCENTRAL_SULCUS,47,MIST_64,4.73,-32.52,49.62
CEREBELLUM_IX,48,MIST_64,-0.57,-53.31,-45.54
right_INTRAPARIETAL_SULCUS_and_PARS_ORBITALIS,49,MIST_64,43.54,-3.08,29.25
VENTROLATERAL_PREFRONTAL_CORTEX,50,MIST_64,-12.66,32.73,-4.54
ANTERIOR_INSULA_dorsal,51,MIST_64,5.97,15.46,2.37
DORSOMEDIAL_PREFRONTAL_CORTEX_anterior,52,MIST_64,1.39,56.87,18.08
MIDDLE_FRONTAL_GYRUS_anterior,53,MIST_64,-16.87,47.05,18.55
FRONTAL_POLE_lateral,55,MIST_64,11.97,57.22,-6.12
SOMATOMOTOR_NETWORK_dorsolateral,56,MIST_64,6.8,-17.21,54.68
DORSAL_VISUAL_STREAM,57,MIST_64,6.11,-69.37,39.12
PRE_SUPPLEMENTARY_MOTOR_CORTEX,60,MIST_64,-0.46,4.63,57.03
SUPERIOR_FRONTAL_GYRUS_anterior,61,MIST_64,-11.46,34.66,46.54
left_INTRAPARIETAL_SULCUS_and_MIDDLE_FRONTAL_GYRUS_posterior,63,MIST_64,-39.19,-21.16,46.21
MIDDLE_TEMPORAL_GYRUS_posterior,64,MIST_64,2.62,-42.23,4.33
THALAMUS_and_CAUDATE_NUCLEUS,8,MIST_36,0.11,-5.54,7.58
ORBITOFRONTAL_CORTEX_and_NUCLEUS_ACCUMBENS,10,MIST_36,-1.91,31.59,-17.84
INFERIOR_TEMPORAL_GYRUS_and_TEMPORAL_POLE,12,MIST_36,-0.31,-7.33,-33.64
CEREBELLUM_VI_VIIIab,13,MIST_36,-0.74,-58.19,-34.64
VENTRAL_VISUAL_STREAM,16,MIST_36,-4.26,-52.57,-9.1
POSTERIOR_VISUAL_NETWORK,17,MIST_36,0.27,-91.25,0.73
PERIGENUAL_ANTERIOR_CINGULATE_CORTEX_and_VENTROMEDIAL_PREFRONTAL_CORTEX,18,MIST_36,-0.49,45.41,0.63
INSULA_ventral_and_PERI_INSULAR_SULCUS,19,MIST_36,-0.49,6.43,-15.28
CEREBELLUM_CRUSII,20,MIST_36,1.81,-70.24,-38.42
PREMOTOR_CORTEX_and_SUPPLEMENTARY_MOTOR_CORTEX,21,MIST_36,-1.52,3.58,55.47
right_DEFAULT_MODE_NETWORK_lateral,23,MIST_36,40.83,-11.98,41.2
LATERAL_VISUAL_NETWORK,24,MIST_36,7.56,-74.9,0.43
AUDITORY_NETWORK_and_POSTERIOR_INSULA,25,MIST_36,-3.23,-19.86,10.46
MEDIAL_VISUAL_NETWORK,26,MIST_36,-0.42,-69.33,3.1
EXECUTIVE_CONTROL_NETWORK,29,MIST_36,-5.84,36.36,28.11
MIDDLE_TEMPORAL_GYRUS,31,MIST_36,0.57,-28.08,-5.47
PRECUNEUS,32,MIST_36,-1.03,-60.46,37.19
POSTCENTRAL_SULCUS_and_SUPRAMARGINAL_GYRUS,33,MIST_36,-1.1,-30.83,42.54
FRONTO_PARIETAL_TASK_CONTROL_NETWORK,35,MIST_36,4.87,-2.41,30.18
DEFAULT_MODE_NETWORK_lateral,36,MIST_36,-17.22,21.71,34.68
BASAL_GANGLIA_and_THALAMUS,1,MIST_20,-0.43,-2.65,5.04
SOMATOMOTOR_NETWORK_ventral,2,MIST_20,-2.15,-5.03,28.29
ASSOCIATIVE_CEREBELLUM,4,MIST_20,-1.57,-54.11,-35.64
AMYGDALA_and_HIPPOCAMPUS_and_Peri_Insular_Sulcus,10,MIST_20,-0.05,-9.97,-15.9
SOMATOMOTOR_NETWORK_dorsal,11,MIST_20,0.74,-24.23,60.06
VENTRAL_ATTENTION_NETWORK_medial,12,MIST_20,-1.34,-4.82,51.29
DEFAULT_MODE_NETWORK_posteromedial,14,MIST_20,-0.47,-56.87,32.37
VENTRAL_VISUAL_STREAM_and_DORSAL_VISUAL_STREAM,16,MIST_20,-1.95,-58.61,21.54
MOTOR_CEREBELLUM,17,MIST_20,0.65,-73.7,-36.11
VENTRAL_ATTENTION_NETWORK_lateral,19,MIST_20,2.2,-8.57,17.62
FRONTO_PARIETAL_NETWORK,20,MIST_20,11.4,25.67,21.84
MESOLIMBIC_NETWORK,3,MIST_12,-0.6,1.39,-21.82
VISUAL_NETWORK,5,MIST_12,1.58,-79.25,5.54
SOMATOMOTOR_NETWORK,7,MIST_12,-0.35,-20.69,53.91
DEFAULT_MODE_NETWORK_anteromedial_and_left_ANGULAR_GYRUS,8,MIST_12,-5.07,38.08,21.8
VENTRAL_ATTENTION_NETWORK_and_SALIENCE_NETWORK,11,MIST_12,0.55,-2.13,37.1
CEREBELLUM,12,MIST_12,-0.41,-64.36,-35.89
DEFAULT_MODE_NETWORK,5,MIST_7,-4.37,0.0,14.04
FRONTO_PARIETAL_NETWORK_and_VISUAL_DOWNSTREAM,6,MIST_7,2.09,-13.48,22.88
VENTRAL_ATTENTION_NETWORK_and_SALIENCE_NETWORK_and_BASAL_GANGLIA_and_THALAMUS,7,MIST_7,-0.29,-9.26,24.52
